email,password
mpellant0@arizona.edu,oJ6?jqGvDV7
bemby1@dedecms.com,fE2!o*Pich7c$7m}
csoan2@barnesandnoble.com,"vE0+=""3q8u2eA*n"
fsemper3@technorati.com,qV7#Z`i$<{u#mP(y
elongfellow4@cloudflare.com,hG9%#N_<2zT~j
wstonuary5@apache.org,"gP1%o\}29Wya5,"
pbidewell6@va.gov,yZ2_\X9Qzb`
kpanner7@cnet.com,iJ4!%I4u#P}Qm<
croman8@1688.com,aK0\o45Vvg
dcordingly9@1und1.de,oN3=#OpoN_
wpencotta@google.de,tE1#XWPD_/h1>8a
bmoricanb@arstechnica.com,lD8}@#HVpQ
fexelbyc@dot.gov,tI4|zu9XH\
bpercivald@barnesandnoble.com,yV8@VC@B@GTZcP
alangthornee@t-online.de,bU0`gua|@d
khagyardf@princeton.edu,xU2.W*w.
lfarrallg@economist.com,yN2*d4vmoIU7&6
dboshierh@hp.com,rS1{MtWr7g0g1+
dpanasi@un.org,gO7}mcu++i<fmQ
mjancicj@123-reg.co.uk,hV7/wze$
ldiprosek@archive.org,sY3)Y<VTN=R
wscroytonl@webs.com,dY0{M{sX?
ggilliamm@netscape.com,uB8!SxHMrFiNL5F
tpebworthn@lulu.com,jF2`E>>c{0D34nS
doldmano@walmart.com,xQ3|_5TNA'kE7{T
clestrangep@1und1.de,xF0<2PP716#QLT
cdomicanq@bbc.co.uk,rI5+xJ.#k$TwEm~a
kwoodfordr@qq.com,kK3}!qx{
nbenboughs@go.com,"mN8,R\"">YHZc\U"
haldrittt@psu.edu,"vQ0+,<u$bgUDj<%&"
tsignoreu@time.com,xT3<B*J|(d
bkidderv@parallels.com,sX5!@P8>
bfoordw@skyrock.com,fN2<vCkdElFo
vbohikex@ca.gov,uR3&/~pD=qwz@Q}
sgregery@geocities.com,cG1)hu7f?LWy
kvanniniz@bloglovin.com,aZ7#6igtcdIo(
lgiffkins10@shinystat.com,"iI3',KTk|c"
pwoolcocks11@rambler.ru,"aZ3',sj}uAs!OSs"
mvear12@acquirethisname.com,"xU4!d}vJ*{sw2,D="
swedon13@ning.com,nI8{m&8f%4<
bknifton14@economist.com,nH9*Q!~cnTE
mpoytheras15@bandcamp.com,yH4_\{Uh(
ffladgate16@ftc.gov,xX1'5yhO=spD
calves17@fda.gov,jH6@ch>H?r(PQp=1
slindeberg18@abc.net.au,dI4_u4l~i'DmKTk
tchettle19@census.gov,vF5!!wHh*/O
rbleackly1a@cafepress.com,"rR0,x|BN"
cholsey1b@booking.com,"eU5""3@no&v5"
mjanuaryst1c@freewebs.com,jB9/8gW@Hv~%&
pgrimsdike1d@microsoft.com,yL2\Af72x+pD\p
kferier1e@123-reg.co.uk,eX9@_}8Y(iz{qoGl
ndooher1f@51.la,gI6&h)fH4_S2J57A
gsizey1g@instagram.com,iS8?BeK=
bfrogley1h@zdnet.com,uC3=3UOHGguwaH`_
mattril1i@ebay.co.uk,"xS0/,/1>S{iVz|"
gscrogges1j@trellian.com,"bR5\`""pq,|`Tf(IP"
ddickons1k@utexas.edu,yJ6|cC1&A)ZAnRQW
zkrollmann1l@scribd.com,tN5?_KR|m_/qOE(
hberk1m@pbs.org,hW8>Z&Q.b4\n
mcoveley1n@webnode.com,"oM8,pjXQ,Cw"
jweatherburn1o@furl.net,xU0#MdLGcuh
mbettanay1p@bloomberg.com,iG2#)kG/ibk
jmasser1q@google.pl,"vP7~834#Vw""t~n"
radcocks1r@bluehost.com,cD9&Hqle'DO7aT!
asummerhayes1s@list-manage.com,"vY7""ejevs#="
llyles1t@purevolume.com,gM4~&39G6oK
rewan1u@rediff.com,fN7`~Zer
baiskrigg1v@netvibes.com,bU2}ou5pYb
acoarser1w@homestead.com,iF5|@=A!VErL`{+k
dohanvey1x@themeforest.net,gU8@HB.y#ZTh
sfurmagier1y@meetup.com,lU5(?`2#Tda/
bhumbey1z@nasa.gov,iL4>nLa0
enewgrosh20@geocities.com,aK0)6@H>2SbwJ
odolan21@nature.com,nK5\_'azc
babramow22@independent.co.uk,cN8+m}u$+)J!4
cholworth23@chron.com,"jE9""mXfloFvoOCs3"
saubri24@dion.ne.jp,yE9+4@g(wyTI<
aboylan25@addthis.com,tJ3+uytBVN!hA\UA
vklima26@theguardian.com,eX1\~Klh
jcaskie27@businesswire.com,"bZ5|_pcP,vc$%kjl"
hcottey28@over-blog.com,fU5_*ZU%xI
ibenford29@reference.com,tB8=FhV{
gmaccaffrey2a@samsung.com,hU2!<0%%`XLU
llangsdon2b@toplist.cz,"zN6`,J*KO@?JsPo1"
jweiser2c@sohu.com,"lI7%""e??(X#t0}B"
hleithharvey2d@hao123.com,pS6\L/{5_4#T2pij
iperri2e@bigcartel.com,sG1'.hay
fmaria2f@rediff.com,"cT4'riO}Yi}iu,""/"
chruska2g@blog.com,hL8./cY'
jnelane2h@google.com.au,"aD5'86?1,1ZX("
stheobalds2i@nbcnews.com,yL5@+_#6xc
relrick2j@taobao.com,gG2'73VJaV
bcardenoso2k@google.cn,"fW7)8A/t&/A}J,"
ccowlishaw2l@apple.com,fG6#?s9vPwtC1z
tscriver2m@netscape.com,sI8~q'F+yWn7
amcelmurray2n@myspace.com,fY5&xh2O9|=og
sranner2o@nbcnews.com,hR6%2mT@2I09gxy
plinsley2p@mashable.com,gB0%>*A}Jmq5m<5K
gjimmes2q@moonfruit.com,"oY2$ni\O_""eB{JkQ"
aodonovan2r@geocities.jp,yF8&%X}''Kphd?<
